{
  "LOF": {
    "precision": 0.5,
    "recall": 1.0,
    "f1": 0.6666666666666666,
    "mcc": 0.6917885721601859,
    "n_anomalies": 6
  },
  "OC-SVM": {
    "precision": 0.05555555555555555,
    "recall": 0.3333333333333333,
    "f1": 0.09523809523809523,
    "mcc": 0.0416702740141187,
    "n_anomalies": 18
  },
  "Elliptic": {
    "precision": 0.16666666666666666,
    "recall": 0.3333333333333333,
    "f1": 0.2222222222222222,
    "mcc": 0.18929538044184188,
    "n_anomalies": 6
  },
  "DBSCAN": {
    "precision": 0.05555555555555555,
    "recall": 1.0,
    "f1": 0.10526315789473684,
    "mcc": 0.12279806626883454,
    "n_anomalies": 54
  },
  "ARIMA": {
    "precision": 0.0,
    "recall": 0.0,
    "f1": 0.0,
    "mcc": 0.0,
    "n_anomalies": 0
  },
  "Prophet": {
    "precision": 0.3333333333333333,
    "recall": 0.6666666666666666,
    "f1": 0.4444444444444444,
    "mcc": 0.4405419763010139,
    "n_anomalies": 6
  },
  "LSTM-AE": {
    "precision": 0.2727272727272727,
    "recall": 1.0,
    "f1": 0.42857142857142855,
    "mcc": 0.49148595255453803,
    "n_anomalies": 11
  },
  "Consensus": {
    "precision": 0.6,
    "recall": 1.0,
    "f1": 0.75,
    "mcc": 0.7634508123364222,
    "n_anomalies": 5
  },
  "IF": {
    "precision": 0.5,
    "recall": 1.0,
    "f1": 0.6666666666666666,
    "mcc": 0.6917885721601859,
    "n_anomalies": 6
  }
}