{
  "IF": {
    "precision": {
      "mean": 0.5224038008931057,
      "ci_low": 0.16666666666666666,
      "ci_high": 1.0,
      "std": 0.1983550954804147
    },
    "recall": {
      "mean": 1.0,
      "ci_low": 1.0,
      "ci_high": 1.0,
      "std": 0.0
    },
    "f1": {
      "mean": 0.6637600228670409,
      "ci_low": 0.2857142857142857,
      "ci_high": 1.0,
      "std": 0.17514207235995902
    },
    "mcc": {
      "mean": 0.6967744708588491,
      "ci_low": 0.3959116463884736,
      "ci_high": 1.0,
      "std": 0.1445758058424464
    }
  },
  "STL": {
    "precision": {
      "mean": 0.2903886204207403,
      "ci_low": 0.0,
      "ci_high": 0.6666666666666666,
      "std": 0.1794513301871644
    },
    "recall": {
      "mean": 0.661680432344244,
      "ci_low": 0.0,
      "ci_high": 1.0,
      "std": 0.3141342765682532
    },
    "f1": {
      "mean": 0.3803527887587428,
      "ci_low": 0.0,
      "ci_high": 0.75,
      "std": 0.1979861490485206
    },
    "mcc": {
      "mean": 0.39403878472091874,
      "ci_low": -0.038397843241681585,
      "ci_high": 0.7492638089979705,
      "std": 0.20653707991802656
    }
  },
  "CUSUM": {
    "precision": {
      "mean": 0.1962907361741964,
      "ci_low": 0.05555555555555555,
      "ci_high": 0.4,
      "std": 0.09491105011075139
    },
    "recall": {
      "mean": 1.0,
      "ci_low": 1.0,
      "ci_high": 1.0,
      "std": 0.0
    },
    "f1": {
      "mean": 0.3179756717329328,
      "ci_low": 0.10526315789473684,
      "ci_high": 0.5714285714285714,
      "std": 0.12901111872791574
    },
    "mcc": {
      "mean": 0.3952507170009491,
      "ci_low": 0.21050455888690228,
      "ci_high": 0.5991446895152781,
      "std": 0.1043971173108222
    }
  },
  "Consensus": {
    "precision": {
      "mean": 0.627448433919022,
      "ci_low": 0.25,
      "ci_high": 1.0,
      "std": 0.2192636558059854
    },
    "recall": {
      "mean": 1.0,
      "ci_low": 1.0,
      "ci_high": 1.0,
      "std": 0.0
    },
    "f1": {
      "mean": 0.7481261982610471,
      "ci_low": 0.4,
      "ci_high": 1.0,
      "std": 0.17247395253926376
    },
    "mcc": {
      "mean": 0.7704487014489417,
      "ci_low": 0.49099025303098287,
      "ci_high": 1.0,
      "std": 0.1470048002553501
    }
  }
}